<?xml version="1.0" encoding="UTF-8"?>
<project-private xmlns="http://www.netbeans.org/ns/project-private/1">
    <editor-bookmarks xmlns="http://www.netbeans.org/ns/editor-bookmarks/2" lastBookmarkId="0"/>
    <open-files xmlns="http://www.netbeans.org/ns/projectui-open-files/2">
        <group>
            <file>file:/C:/Users/Daddy/Documents/NetBeansProjects/GOF_State_Soda/src/statepattern/ZeroState.java</file>
            <file>file:/C:/Users/Daddy/Documents/NetBeansProjects/GOF_State_Soda/src/statepattern/FiftyState.java</file>
            <file>file:/C:/Users/Daddy/Documents/NetBeansProjects/GOF_State_Soda/src/statepattern/TwentyfiveState.java</file>
            <file>file:/C:/Users/Daddy/Documents/NetBeansProjects/GOF_State_Soda/src/statepattern/SodaState.java</file>
            <file>file:/C:/Users/Daddy/Documents/NetBeansProjects/GOF_State_Soda/src/statepattern/SodaMachine.java</file>
        </group>
    </open-files>
</project-private>
